story_id;sent_id;token_id;deprel;form;cluster;mention;comment
6;0;1;nsubj;This;;;
6;0;2;cop;is;;;
6;0;3;det;a;;;
6;0;4;root;story;;;
6;0;5;mark;of;;;
6;0;6;advmod;how;;;
6;0;7;compound;Mr.;0;;
6;0;8;nsubj;Sticky;0;;
6;0;9;acl;got;;;
6;0;10;case;in;;;
6;0;11.1;nmod:poss;Abby;1;;
6;0;11.2;case;'s;1;;
6;0;12;compound;fish;2;;
6;0;13.1;nmod;tank;2;;
6;0;13.2;punct;.;;;
6;1;14.1;punct;``;;;
6;1;14.2;nsubj;He;;0;
6;1;14.3;cop;'s;;;
6;1;15;advmod;very;;;
6;1;16.1;ccomp;small;;;
6;1;16.2;punct;,;;;
6;1;16.3;punct;'';;;
6;1;17.1;nmod:poss;Abby;3;1;
6;1;17.2;case;'s;3;1;
6;1;18;nsubj;mom;3;;
6;1;19;root;said;;;
6;1;20;mark;as;;;
6;1;21;nsubj;she;;3;
6;1;22;advcl;peered;;;
6;1;23;case;at;;;
6;1;24;det;the;;0;
6;1;25;amod;tiny;;0;
6;1;26;compound;water;;0;
6;1;27.1;nmod;snail;;0;
6;1;27.2;punct;.;;;
6;2;28;nsubj;Abby;;1;
6;2;29;root;said;;;
6;2;30;mark;that;;;
6;2;31;nsubj;he;;0;
6;2;32;aux;would;;;
6;2;33;ccomp;grow;;;
6;2;34;cc;and;;;
6;2;35;advmod;then;;;
6;2;36;conj;pulled;;;
6;2;37;nmod:poss;her;;1;
6;2;38;compound;pajama;4;;
6;2;39;dobj;bottoms;4;;
6;2;40;advmod;up;;;
6;2;41;advmod;again;;;
6;2;42;mark;before;;;
6;2;43;nsubj;she;;1;
6;2;44;advcl;got;;;
6;2;45;case;into;;;
6;2;46.1;nmod;bed;;;Fixed expression, shouldn’t be annotated
6;2;46.2;punct;,;;;
6;2;47;mark;for;;;
6;2;48;nsubj;they;;4;
6;2;49;aux;were;;;
6;2;50;advmod;always;;;
6;2;51;advcl;falling;;;
6;2;52.1;compound:prt;down;;;
6;2;52.2;punct;.;;;
6;3;53.1;advmod;Usually;;;
6;3;53.2;punct;,;;;
6;3;54.1;nmod:poss;Abby;;3;
6;3;54.2;case;'s;;3;
6;3;55;nsubj;mom;;3;
6;3;56;root;got;;;
6;3;57;compound:prt;up;;;
6;3;58;case;at;;;
6;3;59;det;the;;;
6;3;60;nmod;crack;;;
6;3;61;case;of;;;
6;3;62.1;nmod;dawn;;;
6;3;62.2;punct;,;;;
6;3;63;cc;but;;;
6;3;64;nsubj;it;;;
6;3;65;cop;was;;;
6;3;66;conj;Abby;;1;
6;3;67;nsubj;who;;1;
6;3;68;acl:relcl;jumped;;;
6;3;69;compound:prt;out;;;
6;3;70;case;of;;;
6;3;71;nmod;bed;;;
6;3;72;advmod;first;;;
6;3;73;det;the;;;
6;3;74;amod;next;;;
6;3;75;nmod:tmod;morning;;;
6;3;76;cc;and;;;
6;3;77;conj;switched;;;
6;3;78;compound:prt;on;;;
6;3;79;det;the;;;
6;3;80;dobj;light;;;
6;3;81;case;in;;;
6;3;82;nmod:poss;her;;1;
6;3;83;compound;fish;;2;
6;3;84.1;nmod;tank;;2;
6;3;84.2;punct;,;;;
6;3;85;nsubj;which;;2;
6;3;86;acl:relcl;contained;;;
6;3;87;nummod;three;;;
6;3;88.1;dobj;fish;;;
6;3;88.2;punct;.;;;
6;4;89;case;At;;;
6;4;90.1;nmod;first;;;
6;4;90.2;punct;,;;;
6;4;91;nsubj;she;;1;
6;4;92;aux;could;;;
6;4;93;root;see;;;
6;4;94;cc:preconj;neither;;;
6;4;95;dobj;hide;;;
6;4;96;cc;nor;;;
6;4;97;conj;hair;;;
6;4;98;case;of;;;
6;4;99;det;the;;0;
6;4;100.1;nmod;snail;;0;
6;4;100.2;punct;,;;;
6;4;101;cc;but;;;
6;4;102;advmod;then;;;
6;4;103;nsubj;she;;1;
6;4;104;conj;spotted;;;
6;4;105.1;dobj;him;;0;
6;4;105.2;punct;.;;;
6;5;106;nsubj;It;;;
6;5;107;aux;had;;;
6;5;108;root;taken;;;
6;5;109;iobj;Abby;;1;
6;5;110;det;a;;;
6;5;111;dobj;while;;;
6;5;112;mark;to;;;
6;5;113;advcl;find;;;
6;5;114;dobj;Sticky;;0;
6;5;115;mark;because;;;
6;5;116;nsubj;he;;0;
6;5;117;aux;was;;;
6;5;118;advcl;clinging;;;
6;5;119;case;to;;;
6;5;120;det;the;;;
6;5;121;nmod;glass;;;
6;5;122;case;near;;;
6;5;123;det;the;;;
6;5;124.1;nmod;bottom;;;
6;5;124.2;punct;,;;;
6;5;125;advmod;right;;;
6;5;126;advmod;next;;;
6;5;127;case;to;;;
6;5;128;det;the;;;
6;5;129.1;nmod;gravel;;;
6;5;129.2;punct;.;;;
6;6;130;case;At;;;
6;6;131;nmod;school;;;
6;6;132;det;that;;;
6;6;133.1;advmod;day;;;
6;6;133.2;punct;,;;;
6;6;134.1;nsubj;Abby;;1;
6;6;134.2;punct;,;;;
6;6;135;acl;encouraged;;;
6;6;136;case;by;;;
6;6;137;nmod:poss;her;;1;
6;6;138.1;nmod;teacher;5;;
6;6;138.2;punct;,;;;
6;6;139;root;wrote;;;
6;6;140;advmod;excitedly;;;
6;6;141;case;about;;;
6;6;142;det;the;;0;
6;6;143;amod;small;;0;
6;6;144;cc;and;;0;
6;6;145;conj;mysterious;;0;
6;6;146;compound;Mr.;;0;
6;6;147.1;nmod;Sticky;;0;
6;6;147.2;punct;,;;;
6;6;148;dobj;who;;0;
6;6;149;nsubj;you;;;
6;6;150;aux;could;;;
6;6;151;acl:relcl;mistake;;;
6;6;152;case;for;;;
6;6;153;det;a;;;
6;6;154;nmod;piece;;;
6;6;155;case;of;;;
6;6;156.1;nmod;gravel;;;
6;6;156.2;punct;.;;;
6;7;157;nsubj;He;;0;
6;7;158;ccomp;seemed;;;
6;7;159;det;an;;;
6;7;160;amod;ideal;;;
6;7;161;xcomp;pet;;;
6;7;162;case;for;;;
6;7;163.1;nmod;her;;1;
6;7;163.2;punct;,;;;
6;7;164;nsubj;some;;;
6;7;165;case;of;;;
6;7;166;det;the;;;
6;7;167;nmod;girls;;;
6;7;168;case;in;;;
6;7;169;nmod:poss;her;;1;
6;7;170;nmod;class;;;
6;7;171.1;root;teased;;;
6;7;171.2;punct;,;;;
6;7;172;mark;because;;;
6;7;173;nsubj;Abby;;1;
6;7;174;cop;was;;;
6;7;175;advmod;also;;;
6;7;176;advmod;very;;;
6;7;177.1;advcl;small;;;
6;7;177.2;punct;.;;;
6;8;178;det;That;;;
6;8;179.1;dep;evening;;;
6;8;179.2;punct;,;;;
6;8;180;nsubj;Abby;;1;
6;8;181;root;turned;;;
6;8;182;compound:prt;on;;;
6;8;183;det;the;;;
6;8;184;dobj;light;;;
6;8;185;cc;and;;;
6;8;186;conj;found;;;
6;8;187;compound;Mr.;;0;
6;8;188;nsubj;Sticky;;0;
6;8;189;ccomp;clinging;;;
6;8;190;case;to;;;
6;8;191;det;the;13;;
6;8;192;amod;pond;13;;
6;8;193;nmod;weed;13;;
6;8;194;cc;and;;;
6;8;195;conj;bobbing;;;
6;8;196;compound:prt;about;;;
6;8;197;case;in;;;
6;8;198;det;the;;;
6;8;199;compound;air;;;
6;8;200.1;nmod;bubbles;;;
6;8;200.2;punct;.;;;
6;9;201.1;punct;``;;;
6;9;201.2;nsubj;That;;;
6;9;202;dep;looks;;;
6;9;203.1;dobj;fun;;;
6;9;203.2;punct;!;;;
6;9;203.3;punct;'';;;
6;9;204;nsubj;Abby;;1;
6;9;205.1;root;exclaimed;;;
6;9;205.2;punct;.;;;
6;10;206;nsubj;She;;1;
6;10;207;root;tried;;;
6;10;208;mark;to;;;
6;10;209;xcomp;imagine;;;
6;10;210;dobj;what;;;
6;10;211;nsubj;it;;;
6;10;212;aux;must;;;
6;10;213;cop;be;;;
6;10;214;ccomp;like;;;
6;10;215;mark;to;;;
6;10;216;xcomp;have;;;
6;10;217;mark;to;;;
6;10;218;xcomp;hang;;;
6;10;219;compound:prt;on;;;
6;10;220;case;to;;;
6;10;221;nmod;things;;;
6;10;222;det;all;;;
6;10;223;nmod:tmod;day;;;
6;10;224;cc;and;;;
6;10;225;conj;decided;;;
6;10;226;det;the;;;
6;10;227;nsubj;answer;;;
6;10;228;ccomp;was;;;
6;10;229;mark;that;;;
6;10;230;nsubj;it;;;
6;10;231;cop;was;;;
6;10;232;advmod;probably;;;
6;10;233;advmod;very;;;
6;10;234.1;ccomp;tiring;;;
6;10;234.2;punct;.;;;
6;11;235;nsubj;Abby;;1;
6;11;236;root;told;;;
6;11;237;nmod:poss;her;;3;
6;11;238;dobj;mom;;3;
6;11;239;mark;that;;;
6;11;240;nsubj;she;;1;
6;11;241;ccomp;thought;;;
6;11;242;nsubj;Sticky;;0;
6;11;243;aux;had;;;
6;11;244;ccomp;grown;;;
6;11;245;det;a;;;
6;11;246;nmod:npmod;bit;;;
6;11;247;det;the;;;
6;11;248;amod;next;;;
6;11;249;nmod:npmod;day;;;
6;11;250;case;at;;;
6;11;251.1;nmod;breakfast;;;
6;11;251.2;punct;.;;;
6;12;252.1;punct;``;;;
6;12;252.2;advmod;Just;;;
6;12;253;advmod;as;;;
6;12;254;advmod;well;;;
6;12;255;mark;if;;;
6;12;256.1;nsubj;he;;0;
6;12;256.2;aux;'s;;;
6;12;257;ccomp;going;;;
6;12;258;mark;to;;;
6;12;259;auxpass;be;;;
6;12;260;xcomp;gobbled;;;
6;12;261;compound:prt;up;;;
6;12;262;case;like;;;
6;12;263.1;nmod;that;;;
6;12;263.2;punct;,;;;
6;12;263.3;punct;'';;;
6;12;264;nmod:poss;her;;3;
6;12;265;nsubj;mom;;3;
6;12;266;root;responded;;;
6;12;267;nsubj;who;;3;
6;12;268;cop;was;;;
6;12;269;dep;busy;;;
6;12;270;dep;preparing;;;
6;12;271.1;dobj;breakfast;;;
6;12;271.2;punct;.;;;
6;13;272;nsubj;Abby;;1;
6;13;273;root;whined;;;
6;13;274;mark;that;;;
6;13;275;nsubj;she;;1;
6;13;276.1;aux;did;;;
6;13;276.2;neg;n't;;;
6;13;277;ccomp;want;;;
6;13;278;dobj;him;;0;
6;13;279;mark;to;;;
6;13;280;xcomp;get;;;
6;13;281;advmod;too;;;
6;13;282;xcomp;big;;;
6;13;283;cc;or;;;
6;13;284;nsubj;he;;0;
6;13;285.1;aux;would;;;
6;13;285.2;neg;n't;;;
6;13;286;cop;be;;;
6;13;287;conj;cute;;;
6;13;288.1;advmod;anymore;;;
6;13;288.2;punct;.;;;
6;14;289.1;punct;``;;;
6;14;289.2;amod;Small;;;
6;14;290.1;nsubj;things;;;
6;14;290.2;punct;,;;;
6;14;291;neg;not;;;
6;14;292;amod;big;;;
6;14;293.1;appos;things;;;
6;14;293.2;punct;,;;;
6;14;294;cop;are;;;
6;14;295.1;dep;cute;;;
6;14;295.2;punct;,;;;
6;14;296.1;advmod;right;;;
6;14;296.2;punct;?;;;
6;14;296.3;punct;'';;;
6;14;297;nsubj;she;;1;
6;14;298.1;root;asked;;;
6;14;298.2;punct;,;;;
6;14;299;advmod;half;;;
6;14;300;case;to;;;
6;14;301.1;nmod;herself;;1;
6;14;301.2;punct;.;;;
6;15;302;det;The;;;
6;15;303;amod;next;;;
6;15;304;dep;day;;;
6;15;305;case;in;;;
6;15;306;compound;art;;;
6;15;307.1;nmod;class;;;
6;15;307.2;punct;,;;;
6;15;308;nsubj;Abby;;1;
6;15;309;root;needed;;;
6;15;310;nummod;two;;;
6;15;311;dobj;pieces;;;
6;15;312;case;of;;;
6;15;313;nmod;paper;;;
6;15;314;nsubj;that;;;
6;15;315;cop;were;;;
6;15;316;advmod;very;;;
6;15;317.1;acl:relcl;expensive;;;
6;15;317.2;punct;,;;;
6;15;318;mark;to;;;
6;15;319;advcl;draw;;;
6;15;320;det;an;;;
6;15;321.1;dobj;elephant;;;
6;15;321.2;punct;,;;;
6;15;322;cc;but;;;
6;15;323;det;the;;5;
6;15;324;nsubj;teacher;;5;
6;15;325.1;aux;did;;;
6;15;325.2;neg;n't;;;
6;15;326;conj;mind;;;
6;15;327;nsubj;Abby;;1;
6;15;328;dep;using;;;
6;15;329;det;the;;;
6;15;330;amod;expensive;;;
6;15;331;dobj;paper;;;
6;15;332;mark;because;;;
6;15;333;nsubjpass;she;;1;
6;15;334;auxpass;was;;;
6;15;335;advcl;pleased;;;
6;15;336;case;with;;;
6;15;337;det;the;6;;
6;15;338;nmod;drawing;6;;
6;15;339;cc;and;;;
6;15;340;conj;wanted;;;
6;15;341;dobj;it;;6;
6;15;342;case;on;;;
6;15;343;det;the;;;
6;15;344.1;nmod;wall;;;
6;15;344.2;punct;.;;;
6;16;345;det;The;;5;
6;16;346.1;nsubj;teacher;;5;
6;16;346.2;punct;,;;;
6;16;347;nsubj;who;;5;
6;16;348;cop;was;;;
6;16;349;advmod;always;;;
6;16;350;advmod;very;;;
6;16;351.1;acl:relcl;encouraging;;;
6;16;351.2;punct;,;;;
6;16;352;root;remarked;;;
6;16;353;mark;that;;;
6;16;354;det;the;;6;
6;16;355;nsubj;drawing;;6;
6;16;356;nsubj;Abby;;1;
6;16;357;aux;had;;;
6;16;358;acl:relcl;made;;;
6;16;359;cop;was;;;
6;16;360;advmod;very;;;
6;16;361;ccomp;creative;;;
6;16;362;cc;and;;;
6;16;363;conj;beamed;;;
6;16;364;case;at;;;
6;16;365.1;nmod;Abby;;1;
6;16;365.2;punct;,;;;
6;16;366;advcl;giving;;;
6;16;367;iobj;her;;1;
6;16;368;det;the;;;
6;16;369;dobj;seal;;;
6;16;370;case;of;;;
6;16;371.1;nmod;approval;;;
6;16;371.2;punct;.;;;
6;17;372;advmod;Back;;;
6;17;373;case;at;;;
6;17;374.1;nmod;home;;;
6;17;374.2;punct;,;;;
6;17;375.1;nsubj;Mom;;3;
6;17;375.2;punct;,;;;
6;17;376;acl;convinced;;;
6;17;377;case;by;;;
6;17;378;nmod;Abby;;1;
6;17;379;mark;to;;;
6;17;380;xcomp;clean;;;
6;17;381;compound:prt;out;;;
6;17;382;det;the;;2;
6;17;383.1;dobj;tank;;2;
6;17;383.2;punct;,;;;
6;17;384;aux;was;;;
6;17;385;root;cleaning;;;
6;17;386;case;with;;;
6;17;387;det;a;;;
6;17;388;amod;special;;;
6;17;389.1;nmod;vacuum;;;
6;17;389.2;punct;,;;;
6;17;390;cc;or;;;
6;17;391.1;punct;``;;;
6;17;391.2;conj;hoover;;;
6;17;391.3;punct;'';;;
6;17;391.4;punct;.;;;
6;18;392.1;punct;``;;;
6;18;392.2;advmod;Where;;;
6;18;392.3;dep;'s;;;
6;18;393;compound;Mr.;;0;
6;18;394.1;nsubj;Sticky;;0;
6;18;394.2;punct;?;;;
6;18;394.3;punct;'';;;
6;18;395;nsubj;Abby;;1;
6;18;396;root;asked;;;
6;18;397;amod;first;;;
6;18;398;advmod;thing;;;
6;18;399;advmod;when;;;
6;18;400;nsubj;she;;1;
6;18;401;ccomp;came;;;
6;18;402;nmod:npmod;home;;;
6;18;403;case;from;;;
6;18;404.1;nmod;school;;;
6;18;404.2;punct;.;;;
6;19;405.1;punct;``;;;
6;19;405.2;case;On;;;
6;19;406;det;the;;;
6;19;407.1;dep;side;;;
6;19;407.2;punct;,;;;
6;19;407.3;punct;'';;;
6;19;408;nsubj;Mom;;3;
6;19;409.1;root;replied;;;
6;19;409.2;punct;.;;;
6;20;410;cc;And;;;
6;20;411;advmod;then;;;
6;20;412;nsubj;she;;3;
6;20;413.1;root;added;;;
6;20;413.2;punct;,;;;
6;20;414.1;punct;``;;;
6;20;414.2;aux;Do;;;
6;20;414.3;neg;n't;;;
6;20;415.1;ccomp;worry;;;
6;20;415.2;punct;.;;;
6;21;416;nsubj;I;;3;
6;21;417;root;went;;;
6;21;418;advmod;extra;;;
6;21;419;advmod;slowly;;;
6;21;420;mark;since;;;
6;21;421.1;nsubj;it;;;
6;21;421.2;cop;'s;;;
6;21;422;advcl;better;;;
6;21;423;mark;to;;;
6;21;424;cop;be;;;
6;21;425;xcomp;safe;;;
6;21;426;case;than;;;
6;21;427.1;advcl;sorry;;;
6;21;427.2;punct;.;;;
6;21;427.3;punct;'';;;
6;22;428;nsubj;Abby;;1;
6;22;429;root;looked;;;
6;22;430;case;on;;;
6;22;431;det;all;;;
6;22;432;nmod;sides;;;
6;22;433;case;of;;;
6;22;434;det;the;;;
6;22;435.1;nmod;tank;;;
6;22;435.2;punct;,;;;
6;22;436;cc;but;;;
6;22;437;expl;there;;;
6;22;438;conj;was;;;
6;22;439;neg;no;;;
6;22;440;nsubj;sign;;;
6;22;441;case;of;;;
6;22;442;det;the;;0;
6;22;443;compound;water;;0;
6;22;444;nmod;snail;;0;
6;22;445;dobj;that;;;
6;22;446;nsubj;she;;1;
6;22;447;aux;had;;;
6;22;448;acl:relcl;discovered;;;
6;22;449;det;a;;;
6;22;450;advmod;couple;;;
6;22;451;case;of;;;
6;22;452;nmod;days;;;
6;22;453.1;case;ago;;;
6;22;453.2;punct;.;;;
6;23;454;nsubj;She;;1;
6;23;455;cop;was;;;
6;23;456;advmod;very;;;
6;23;457.1;root;sad;;;
6;23;457.2;punct;.;;;
6;24;458;nmod:poss;Her;;3;
6;24;459;nsubj;mom;;3;
6;24;460;root;said;;;
6;24;461;mark;to;;;
6;24;462;xcomp;wait;;;
6;24;463;det;a;;;
6;24;464;amod;few;;;
6;24;465;dobj;hours;;;
6;24;466;mark;until;;;
6;24;467;det;the;;;
6;24;468;nsubj;water;;;
6;24;469;advcl;clears;;;
6;24;470;mark;to;;;
6;24;471;advcl;take;;;
6;24;472;det;another;;;
6;24;473;amod;careful;;;
6;24;474.1;dobj;look;;;
6;24;474.2;punct;.;;;
6;25;475;det;That;;;
6;25;476.1;dep;evening;;;
6;25;476.2;punct;,;;;
6;25;477;nsubj;Abby;;1;
6;25;478;root;went;;;
6;25;479;compound:prt;up;;;
6;25;480;case;to;;;
6;25;481;nmod:poss;her;7;1;
6;25;482;nmod;bedroom;7;;
6;25;483;mark;to;;;
6;25;484;xcomp;check;;;
6;25;485;det;the;;2;
6;25;486;dobj;tank;;2;
6;25;487.1;advmod;again;;;
6;25;487.2;punct;.;;;
6;26;488;det;The;;;
6;26;489;nsubj;water;;;
6;26;490;aux;had;;;
6;26;491;root;settled;;;
6;26;492;cc;and;;;
6;26;493;conj;looked;;;
6;26;494.1;xcomp;clear;;;
6;26;494.2;punct;,;;;
6;26;495;cc;but;;;
6;26;496;nsubj;Abby;;1;
6;26;497;aux;could;;;
6;26;498;neg;not;;;
6;26;499;conj;see;;;
6;26;500;compound;Mr.;;0;
6;26;501.1;dobj;Sticky;;0;
6;26;501.2;punct;.;;;
6;27;502;nsubj;Abby;;1;
6;27;503;root;kneeled;;;
6;27;504;compound:prt;down;;;
6;27;505;mark;to;;;
6;27;506;xcomp;have;;;
6;27;507;det;another;;;
6;27;508;dobj;look;;;
6;27;509;case;in;;;
6;27;510;det;the;;2;
6;27;511;nmod;tank;;2;
6;27;512;dobj;that;;;
6;27;513;nmod:poss;her;;3;
6;27;514;nsubj;mom;;3;
6;27;515;aux;had;;;
6;27;516;acl:relcl;cleared;;;
6;27;517;advmod;so;;;
6;27;518.1;advmod;thoroughly;;;
6;27;518.2;punct;,;;;
6;27;519;cc;but;;;
6;27;520;compound;Mr.;;0;
6;27;521;nsubj;Sticky;;0;
6;27;522;cop;was;;;
6;27;523;advmod;still;;;
6;27;524;conj;nowhere;;;
6;27;525;mark;to;;;
6;27;526;auxpass;be;;;
6;27;527.1;advcl;found;;;
6;27;527.2;punct;.;;;
6;28;528;nsubj;Abby;;1;
6;28;529;cop;was;;;
6;28;530;det;a;;;
6;28;531;root;bundle;;;
6;28;532;case;of;;;
6;28;533;nmod;nerves;;;
6;28;534;mark;as;;;
6;28;535;nsubj;she;;1;
6;28;536;advcl;descended;;;
6;28;537;det;the;;;
6;28;538.1;dobj;stairs;;;
6;28;538.2;punct;.;;;
6;29;539;case;In;;;
6;29;540;det;the;8;;
6;29;541.1;nmod;study;8;;
6;29;541.2;punct;,;;;
6;29;542;advcl;surrounded;;;
6;29;543;case;by;;;
6;29;544;nmod;books;;;
6;29;545;cc;and;;;
6;29;546.1;conj;papers;;;
6;29;546.2;punct;,;;;
6;29;547;nmod:poss;her;;3;
6;29;548;nsubj;mom;;3;
6;29;549;aux;was;;;
6;29;550;root;working;;;
6;29;551;cc;and;;;
6;29;552;nsubj;she;;3;
6;29;553;conj;looked;;;
6;29;554;xcomp;impatient;;;
6;29;555;advmod;when;;;
6;29;556;nsubj;she;;3;
6;29;557;ccomp;saw;;;
6;29;558;dobj;Abby;;1;
6;29;559;case;in;;;
6;29;560;det;the;;;
6;29;561;nmod;doorway;;;
6;29;562;cc;and;;;
6;29;563;advmod;even;;;
6;29;564;advmod;more;;;
6;29;565;conj;worried;;;
6;29;566;advmod;when;;;
6;29;567;nsubj;she;;3;
6;29;568;ccomp;heard;;;
6;29;569;det;the;;;
6;29;570;amod;bad;;;
6;29;571.1;dobj;news;;;
6;29;571.2;punct;.;;;
6;30;572.1;punct;``;;;
6;30;572.2;nsubj;He;;0;
6;30;572.3;aux;'ll;;;
6;30;573;ccomp;turn;;;
6;30;574.1;compound:prt;up;;;
6;30;574.2;punct;,;;;
6;30;574.3;punct;'';;;
6;30;575;nsubj;Mom;;3;
6;30;576.1;root;said;;;
6;30;576.2;punct;,;;;
6;30;577;cc;and;;;
6;30;578;nsubj;that;;;
6;30;579;cop;was;;;
6;30;580.1;conj;that;;;
6;30;580.2;punct;.;;;
6;31;581.1;advmod;Then;;;
6;31;581.2;punct;,;;;
6;31;582;mark;to;;;
6;31;583;advcl;add;;;
6;31;584;dobj;fuel;;;
6;31;585;case;to;;;
6;31;586;det;the;;;
6;31;587.1;nmod;flames;;;
6;31;587.2;punct;,;;;
6;31;588;nsubj;she;;3;
6;31;589;root;raised;;;
6;31;590;nmod:poss;her;;3;
6;31;591;dobj;tone;;;
6;31;592;case;of;;;
6;31;593;nmod;voice;;;
6;31;594;cc;and;;;
6;31;595;conj;said;;;
6;31;596.1;advmod;dismissively;;;
6;31;596.2;punct;,;;;
6;31;597.1;punct;``;;;
6;31;597.2;case;For;;;
6;31;598;det;the;;;
6;31;599;nmod;time;;;
6;31;600.1;amod;being;;;
6;31;600.2;punct;,;;;
6;31;601;ccomp;go;;;
6;31;602;case;to;;;
6;31;603.1;nmod;bed;;;
6;31;603.2;punct;,;;;
6;31;604.1;dep;Abby;;1;
6;31;604.2;punct;.;;;
6;31;605.1;nsubj;I;;;
6;31;605.2;aux;'ve;;;
6;31;606;ccomp;got;;;
6;31;607;dobj;masses;;;
6;31;608;case;of;;;
6;31;609;nmod;work;;;
6;31;610;mark;to;;;
6;31;611;advcl;catch;;;
6;31;612;compound:prt;up;;;
6;31;613.1;nmod;on;;;
6;31;613.2;punct;.;;;
6;31;613.3;punct;'';;;
6;32;614;nsubj;Abby;;1;
6;32;615;root;had;;;
6;32;616;det;a;;;
6;32;617;amod;quick;;;
6;32;618;dobj;temper;;;
6;32;619;cc;and;;;
6;32;620;nsubj;she;;1;
6;32;621;cop;was;;;
6;32;622;conj;angry;;;
6;32;623;case;as;;;
6;32;624.1;nmod;hell;;;
6;32;624.2;punct;.;;;
6;33;625.1;punct;``;;;
6;33;625.2;nsubj;You;;3;
6;33;625.3;aux;'ve;;;
6;33;626;dep;hoovered;;;
6;33;627;dobj;him;;0;
6;33;628.1;advmod;up;;;
6;33;628.2;punct;,;;;
6;33;629.1;parataxis;have;;;
6;33;629.2;neg;n't;;;
6;33;630.1;dep;you;;3;
6;33;630.2;punct;?;;;
6;33;630.3;punct;'';;;
6;33;631;nsubj;she;;1;
6;33;632;root;said;;;
6;33;633.1;advmod;accusingly;;;
6;33;633.2;punct;.;;;
6;34;634.1;nmod:poss;Abby;;3;
6;34;634.2;case;'s;;;
6;34;635;nsubj;mom;;3;
6;34;636;root;denied;;;
6;34;637.1;nmod:poss;Abby;;1;
6;34;637.2;case;'s;;;
6;34;638;nsubj;version;;;
6;34;639;case;of;;;
6;34;640;det;the;;;
6;34;641;nmod;story;;;
6;34;642;cop;was;;;
6;34;643;ccomp;TRUE;;;
6;34;644;cc;and;;;
6;34;645;conj;said;;;
6;34;646;mark;that;;;
6;34;647;nsubj;she;;3;
6;34;648;cop;was;;;
6;34;649.1;ccomp;careful;;;
6;34;649.2;punct;,;;;
6;34;650;cc;but;;;
6;34;651;mark;because;;;
6;34;652;compound;Mr.;;0;
6;34;653;nsubj;Sticky;;0;
6;34;654;cop;was;;;
6;34;655;advmod;so;;;
6;34;656;advcl;small;;;
6;34;657;nsubj;he;;0;
6;34;658;cop;was;;;
6;34;659;conj;hard;;;
6;34;660;mark;to;;;
6;34;661.1;xcomp;see;;;
6;34;661.2;punct;.;;;
6;35;662.1;punct;``;;;
6;35;662.2;nsubj;What;;;
6;35;662.3;cop;'s;;;
6;35;663;root;wrong;;;
6;35;664;mark;with;;;
6;35;665;cop;being;;;
6;35;666.1;advcl;small;;;
6;35;666.2;punct;?;;;
6;35;666.3;punct;'';;;
6;36;667.1;punct;``;;;
6;36;667.2;dep;Nothing;;;
6;36;668;case;at;;;
6;36;669.1;nmod;all;;;
6;36;669.2;punct;,;;;
6;36;670;cc;but;;;
6;36;671;nsubj;it;;;
6;36;672;root;makes;;;
6;36;673;nsubj;things;;;
6;36;674;xcomp;hard;;;
6;36;675;mark;to;;;
6;36;676.1;xcomp;find;;;
6;36;676.2;punct;.;;;
6;36;676.3;punct;'';;;
6;37;677.1;punct;``;;;
6;37;677.2;cc;Or;;;
6;37;678.1;dep;notice;;;
6;37;678.2;punct;,;;;
6;37;678.3;punct;'';;;
6;37;679;nsubj;Abby;;1;
6;37;680.1;root;said;;;
6;37;680.2;punct;,;;;
6;37;681;advmod;suddenly;;;
6;37;682;ccomp;feeling;;;
6;37;683;case;like;;;
6;37;684;det;the;;0;
6;37;685.1;nmod;small;;0;
6;37;685.2;punct;,;;;
6;37;686;acl;overlooked;;0;
6;37;687;compound;Mr.;;0;
6;37;688;dep;Sticky;;0;
6;37;689;nmod:npmod;herself;;1;
6;37;690;cc;and;;;
6;37;691;conj;storming;;;
6;37;692;case;from;;;
6;37;693;det;the;;8;
6;37;694.1;nmod;room;;8;
6;37;694.2;punct;.;;;
6;38;695;det;The;;;
6;38;696;nsubj;door;;;
6;38;697;case;to;;;
6;38;698;det;the;;7;
6;38;699;nmod;bedroom;;7;
6;38;700;root;opened;;;
6;38;701;det;a;;;
6;38;702;amod;few;;;
6;38;703;dobj;minutes;;;
6;38;704;advmod;later;;;
6;38;705;cc;and;;;
6;38;706.1;nmod:poss;Mom;;3;
6;38;706.2;case;'s;;;
6;38;707;nsubj;face;;;
6;38;708.1;conj;appeared;;;
6;38;708.2;punct;.;;;
6;39;709;nsubj;She;;3;
6;39;710;root;was;;;
6;39;711;advmod;there;;;
6;39;712;mark;to;;;
6;39;713;xcomp;try;;;
6;39;714;mark;to;;;
6;39;715;xcomp;make;;;
6;39;716;compound:prt;up;;;
6;39;717;mark;for;;;
6;39;718;aux;having;;;
6;39;719;cop;been;;;
6;39;720;advcl;insensitive;;;
6;39;721.1;advmod;earlier;;;
6;39;721.2;punct;.;;;
6;40;722;nsubj;She;;3;
6;40;723;aux;had;;;
6;40;724;root;put;;;
6;40;725;nmod:poss;her;;3;
6;40;726;dobj;work;;;
6;40;727;case;on;;;
6;40;728;det;the;;;
6;40;729;amod;back;;;
6;40;730;nmod;burner;;;
6;40;731;cc;and;;;
6;40;732;conj;occupied;;;
6;40;733;dobj;herself;;3;
6;40;734;case;with;;;
6;40;735.1;nmod;Sticky;;0;
6;40;735.2;punct;.;;;
6;41;736.1;nsubj;Abby;;1;
6;41;736.2;punct;,;;;
6;41;737;nsubj;who;;1;
6;41;738;aux;was;;;
6;41;739;acl:relcl;breathing;;;
6;41;740;dobj;fire;;;
6;41;741;advmod;all;;;
6;41;742;case;on;;;
6;41;743;nmod;account;;;
6;41;744;case;of;;;
6;41;745;det;the;;0;
6;41;746;amod;little;;0;
6;41;747.1;nmod;snail;;0;
6;41;747.2;punct;,;;;
6;41;748;root;tried;;;
6;41;749;mark;to;;;
6;41;750;xcomp;ignore;;;
6;41;751.1;dobj;her;;3;
6;41;751.2;punct;,;;;
6;41;752;cc;but;;;
6;41;753;nsubj;it;;;
6;41;754;cop;was;;;
6;41;755;conj;hard;;;
6;41;756;advmod;when;;;
6;41;757;nsubj;Mom;;3;
6;41;758;advcl;walked;;;
6;41;759;compound:prt;over;;;
6;41;760;case;to;;;
6;41;761;det;the;11;;
6;41;762;nmod;bed;11;;
6;41;763;cc;and;;;
6;41;764;conj;sat;;;
6;41;765;advmod;next;;;
6;41;766;case;to;;;
6;41;767.1;nmod;her;;3;
6;41;767.2;punct;.;;;
6;42;768.1;nsubj;Mom;;3;
6;42;768.2;punct;,;;;
6;42;769;dep;who;;3;
6;42;770;dep;Abby;;1;
6;42;771;acl:relcl;still;;;
6;42;772;dep;strained;;;
6;42;773;mark;to;;;
6;42;774;xcomp;remain;;;
6;42;775;xcomp;upset;;;
6;42;776.1;nmod;with;;;
6;42;776.2;punct;,;;;
6;42;777;aux;had;;;
6;42;778;root;gone;;;
6;42;779;compound:prt;out;;;
6;42;780;mark;to;;;
6;42;781;xcomp;find;;;
6;42;782;nmod:poss;her;;3;
6;42;783;dobj;glasses;;;
6;42;784;mark;in;;;
6;42;785;mwe;order;;;
6;42;786;mark;to;;;
6;42;787;advcl;search;;;
6;42;788;case;for;;;
6;42;789;nmod;Sticky;;0;
6;42;790;advmod;more;;;
6;42;791.1;advmod;effectively;;;
6;42;791.2;punct;.;;;
6;43;792.1;punct;``;;;
6;43;792.2;nsubj;This;;;
6;43;793;cop;is;;;
6;43;794;nmod:poss;my;;3;
6;43;795;dep;new;;;
6;43;796;cc;and;;;
6;43;797;advmod;extra;;;
6;43;798;amod;powerful;;;
6;43;799;ccomp;pair;;;
6;43;800;nsubj;I;;3;
6;43;801;acl:relcl;have;;;
6;43;802;case;for;;;
6;43;803;amod;important;;;
6;43;804;nmod;occasions;;;
6;43;805;case;like;;;
6;43;806;compound;snail;;0;
6;43;807.1;nmod;hunting;;;
6;43;807.2;punct;,;;;
6;43;807.3;punct;'';;;
6;43;808;nsubj;she;;3;
6;43;809.1;root;said;;;
6;43;809.2;punct;.;;;
6;44;810;nsubj;She;;3;
6;44;811;root;smiled;;;
6;44;812;case;at;;;
6;44;813.1;nmod;Abby;;1;
6;44;813.2;punct;,;;;
6;44;814;xcomp;trying;;;
6;44;815;mark;to;;;
6;44;816;xcomp;butter;;;
6;44;817;dobj;her;;1;
6;44;818.1;compound:prt;up;;;
6;44;818.2;punct;,;;;
6;44;819;cc;but;;;
6;44;820;nsubj;Abby;;1;
6;44;821.1;aux;did;;;
6;44;821.2;neg;n't;;;
6;44;822;conj;smile;;;
6;44;823.1;advmod;back;;;
6;44;823.2;punct;.;;;
6;45;824;nsubj;Abby;;1;
6;45;825;root;believed;;;
6;45;826;nmod:poss;her;;1;
6;45;827.1;nmod:poss;mom;;3;
6;45;827.2;case;'s;;;
6;45;828;nsubj;idea;;;
6;45;829;aux;would;;;
6;45;830;neg;not;;;
6;45;831.1;ccomp;succeed;;;
6;45;831.2;punct;,;;;
6;45;832;cc;but;;;
6;45;833;advmod;then;;;
6;45;834;nsubj;she;;1;
6;45;835;conj;had;;;
6;45;836;det;an;;;
6;45;837;dobj;idea;;;
6;45;838;case;of;;;
6;45;839;nmod:poss;her;;1;
6;45;840.1;nmod;own;;;
6;45;840.2;punct;.;;;
6;46;841.1;punct;``;;;
6;46;841.2;nsubj;I;;1;
6;46;841.3;aux;'ve;;;
6;46;842;ccomp;got;;;
6;46;843;det;a;;;
6;46;844;amod;magnifying;9;;
6;46;845.1;dobj;glass;9;;
6;46;845.2;punct;,;;;
6;46;845.3;punct;'';;;
6;46;846;nsubj;Abby;;1;
6;46;847;advmod;suddenly;;;
6;46;848;root;remembered;;;
6;46;849;cc;and;;;
6;46;850;conj;rushed;;;
6;46;851;compound:prt;off;;;
6;46;852;mark;to;;;
6;46;853;xcomp;find;;;
6;46;854.1;dobj;it;;9;
6;46;854.2;punct;.;;;
6;47;855;case;On;;;
6;47;856;det;the;;;
6;47;857;nmod;floor;;;
6;47;858;case;beside;;;
6;47;859;det;each;;1+3;
6;47;860;nmod;other;;1+3;
6;47;861;nsubj;they;;1+3;
6;47;862.1;root;sat;;;
6;47;862.2;punct;,;;;
6;47;863;ccomp;shuffling;;;
6;47;864;case;around;;;
6;47;865;det;the;;2;
6;47;866.1;nmod;tank;;2;
6;47;866.2;punct;,;;;
6;47;867;conj;looking;;;
6;47;868;dobj;all;;;
6;47;869;case;over;;;
6;47;870;det;the;;;
6;47;871;nmod;place;;;
6;47;872;cc;and;;;
6;47;873;conj;peering;;;
6;47;874;case;into;;;
6;47;875;det;the;;;
6;47;876;nmod;corners;;;
6;47;877;case;among;;;
6;47;878;det;the;;;
6;47;879;amod;big;;;
6;47;880;nmod;pebbles;;;
6;47;881;cc;and;;;
6;47;882;det;the;;13;
6;47;883;amod;pond;;13;
6;47;884.1;conj;weed;;13;
6;47;884.2;punct;.;;;
6;48;885;nsubj;Abby;;1;
6;48;886;root;tried;;;
6;48;887;mark;to;;;
6;48;888.1;xcomp;imagine;;;
6;48;888.2;punct;,;;;
6;48;889;mark;if;;;
6;48;890;nsubj;she;;1;
6;48;891;cop;were;;;
6;48;892.1;advcl;Sticky;;0;
6;48;892.2;punct;,;;;
6;48;893;det;a;;0;
6;48;894;amod;little;;0;
6;48;895;compound;water;;0;
6;48;896.1;appos;snail;;0;
6;48;896.2;punct;,;;;
6;48;897;advmod;where;;;
6;48;898;aux;would;;;
6;48;899;nsubj;she;;1;
6;48;900;ccomp;hide;;;
6;48;901.1;compound:prt;out;;;
6;48;901.2;punct;?;;;
6;49;902;case;At;;;
6;49;903;nummod;one;;;
6;49;904;nmod;point;;;
6;49;905;nsubj;she;;1;
6;49;906;root;thought;;;
6;49;907;nsubj;she;;1;
6;49;908;ccomp;saw;;;
6;49;909.1;dobj;him;;0;
6;49;909.2;punct;,;;;
6;49;910;cc;but;;;
6;49;911;nsubj;it;;;“It” isn’t really referring to Sticky, so as per the GUM scheme it should not be annotated
6;49;912.1;cop;was;;;
6;49;912.2;neg;n't;;;
6;49;913;det;the;;0;
6;49;914;compound;water;;0;
6;49;915.1;conj;snail;;0;
6;49;915.2;punct;.;;;
6;50;916;nsubj;It;;;
6;50;917;cop;was;;;
6;50;918;det;a;;;
6;50;919;amod;large;;;
6;50;920;root;speck;;;
6;50;921;case;of;;;
6;50;922;nmod;dust;;;
6;50;923;nsubj;that;;;
6;50;924;aux;was;;;
6;50;925;advmod;deceptively;;;
6;50;926;acl:relcl;bobbing;;;
6;50;927;compound:prt;around;;;
6;50;928;case;in;;;
6;50;929;det;the;;;
6;50;930;nmod;water;;;
6;50;931;case;like;;;
6;50;932;det;a;;;
6;50;933;amod;live;;;
6;50;934.1;nmod;animal;;;
6;50;934.2;punct;.;;;
6;51;935;nsubj;They;;1-3;
6;51;936;cop;were;;;
6;51;937;root;ready;;;
6;51;938;mark;to;;;
6;51;939;xcomp;call;;;
6;51;940;iobj;it;;;
6;51;941.1;dobj;quits;;;
6;51;941.2;punct;,;;;
6;51;942;advmod;when;;;
6;51;943;advmod;suddenly;;;
6;51;944;nsubj;Mom;;3;
6;51;945.1;advcl;cried;;;
6;51;945.2;punct;,;;;
6;51;946.1;punct;``;;;
6;51;946.2;discourse;Ah;;;
6;51;947.1;dep;ha;;;
6;51;947.2;punct;!;;;
6;51;947.3;punct;'';;;
6;52;948;advmod;Tucked;;;
6;52;949;case;in;;;
6;52;950;det;a;;;
6;52;951;nmod;curve;;;
6;52;952;case;of;;;
6;52;953;det;the;;;
6;52;954.1;nmod;archway;;;
6;52;954.2;punct;,;;;
6;52;955;advmod;perfectly;;;
6;52;956;dep;hidden;;;
6;52;957;case;against;;;
6;52;958;det;a;;;
6;52;959;compound;pitch;;;
6;52;960;amod;dark;;;
6;52;961.1;nmod;stone;;;
6;52;961.2;punct;,;;;
6;52;962;root;sat;;;
6;52;963;compound;Mr.;;0;
6;52;964.1;dobj;Sticky;;0;
6;52;964.2;punct;,;;;
6;52;965;amod;safe;;;
6;52;966;cc;and;;;
6;52;967.1;conj;sound;;;
6;52;967.2;punct;.;;;
6;53;968.1;punct;``;;;
6;53;968.2;nsubj;You;;3;
6;53;968.3;punct;,;;;
6;53;969;nsubj;I;;1;
6;53;970;aux;can;;;
6;53;971;advmod;always;;;
6;53;972;ccomp;count;;;
6;53;973.1;compound:prt;on;;;
6;53;973.2;punct;,;;;
6;53;973.3;punct;'';;;
6;53;974;nsubj;Abby;;1;
6;53;975;root;said;;;
6;53;976;case;to;;;
6;53;977;nmod:poss;her;;3;
6;53;978.1;nmod;mom;;3;
6;53;978.2;punct;,;;;
6;53;979;case;with;;;
6;53;980.1;nmod;relief;;;
6;53;980.2;punct;.;;;
6;54;981;advmod;Then;;;
6;54;982;nsubj;she;;;
6;54;983;root;noticed;;;
6;54;984;det;another;10;;
6;54;985;compound;water;10;;
6;54;986;nsubj;snail;10;;
6;54;987;ccomp;was;;;
6;54;988;advmod;right;;;
6;54;989;advmod;next;;;
6;54;990;case;to;;;
6;54;991;nmod;Sticky;;0;
6;54;992;cc;and;;;
6;54;993;conj;asked;;;
6;54;994;advmod;where;;;
6;54;995;det;this;;10;
6;54;996;amod;new;;10;
6;54;997;nsubj;addition;;10;
6;54;998;case;to;;10;
6;54;999;det;the;;10;
6;54;1000;nmod;family;;10;
6;54;1001;aux;could;;;
6;54;1002;aux;have;;;
6;54;1003;ccomp;come;;;
6;54;1004.1;nmod;from;;;
6;54;1004.2;punct;.;;;
6;55;1005.1;punct;``;;;
6;55;1005.2;nsubj;I;;3;
6;55;1005.3;aux;'m;;;
6;55;1006;ccomp;beginning;;;
6;55;1007;mark;to;;;
6;55;1008;xcomp;suspect;;;
6;55;1009;det;the;;13;
6;55;1010;compound;pond;;13;
6;55;1011;nsubj;weed;;13;
6;55;1012;cop;is;;;
6;55;1013.1;ccomp;guilty;;;
6;55;1013.2;punct;,;;;
6;55;1014.1;parataxis;do;;;
6;55;1014.2;neg;n't;;;
6;55;1015;nsubj;you;;1;
6;55;1016.1;dep;think;;;
6;55;1016.2;punct;?;;;
6;55;1016.3;punct;'';;;
6;55;1017;root;replied;;;
6;55;1018.1;nsubj;Mom;;3;
6;55;1018.2;punct;.;;;
6;56;1019;nsubj;They;;1+3;
6;56;1020;cc:preconj;both;;;
6;56;1021;root;laughed;;;
6;56;1022;cc;and;;;
6;56;1023;conj;climbed;;;
6;56;1024;case;into;;;
6;56;1025.1;nmod:poss;Abby;;1;
6;56;1025.2;case;'s;;;
6;56;1026;nmod;bed;;11;
6;56;1027;advmod;together;;;
6;56;1028.1;cc;and;;;
6;56;1028.2;punct;,;;;
6;56;1029;mark;though;;;
6;56;1030;nsubj;it;;;
6;56;1031;advcl;was;;;
6;56;1032.1;advmod;cozy;;;
6;56;1032.2;punct;,;;;
6;56;1033;nsubj;it;;;
6;56;1034;cop;was;;;
6;56;1035;det;a;;;
6;56;1036;conj;bit;;;
6;56;1037;case;of;;;
6;56;1038;det;a;;;
6;56;1039.1;nmod;squeeze;;;
6;56;1039.2;punct;.;;;
6;57;1040.1;punct;``;;;
6;57;1040.2;ccomp;Budge;;;
6;57;1041.1;compound:prt;up;;;
6;57;1041.2;punct;,;;;
6;57;1041.3;punct;'';;;
6;57;1042;nsubj;Mom;;3;
6;57;1043.1;root;said;;;
6;57;1043.2;punct;,;;;
6;57;1044;xcomp;giving;;;
6;57;1045;iobj;Abby;;1;
6;57;1046;det;a;;;
6;57;1047;dobj;push;;;
6;57;1048;case;with;;;
6;57;1049;nmod:poss;her;;3;
6;57;1050.1;nmod;bottom;;;
6;57;1050.2;punct;.;;;
6;58;1051.1;punct;``;;;
6;58;1051.2;nsubj;I;;1;
6;58;1052.1;root;ca;;;
6;58;1052.2;neg;n't;;;
6;58;1053;mark;because;;;
6;58;1054.1;nsubj;I;;1;
6;58;1054.2;cop;'m;;;
6;58;1055;advmod;already;;;
6;58;1056;case;on;;;
6;58;1057;det;the;;;
6;58;1058.1;advcl;edge;;;
6;58;1058.2;punct;.;;;
6;58;1058.3;punct;'';;;
6;59;1059.1;punct;``;;;
6;59;1059.2;amod;Good;;;
6;59;1060.1;discourse;heavens;;;
6;59;1060.2;punct;,;;;
6;59;1061.1;nsubj;you;12;1;
6;59;1061.2;aux;'ve;12;;
6;59;1062;root;grown;12;;
6;59;1063.1;advmod;then;12;;
6;59;1063.2;punct;.;;;
6;60;1064;advmod;When;;;
6;60;1065;aux;did;;;
6;60;1066;nsubj;that;;12;
6;60;1067.1;root;happen;;;
6;60;1067.2;punct;?;;;
6;61;1068;nsubj;You;;1;
6;61;1069.1;aux;could;;;
6;61;1069.2;aux;'ve;;;
6;61;1070;root;put;;;
6;61;1071;det;an;;;
6;61;1072;dobj;elephant;;;
6;61;1073;case;in;;;
6;61;1074;nmod;here;;11;
6;61;1075;amod;last;;;
6;61;1076;dobj;time;;;
6;61;1077;nsubj;we;;1+3;
6;61;1078;acl:relcl;did;;;
6;61;1079.1;dobj;this;;;
6;61;1079.2;punct;.;;;
6;62;1080;mark;Before;;;
6;62;1081;nsubj;I;;3;
6;62;1082;advcl;know;;;
6;62;1083.1;dobj;it;;13;
6;62;1083.2;punct;,;;;
6;62;1084.1;nsubjpass;you;13;1;
6;62;1084.2;aux;'ll;13;;
6;62;1085;auxpass;be;13;;
6;62;1086;advmod;all;13;;
6;62;1087;root;grown;13;;
6;62;1088.1;compound:prt;up;13;;
6;62;1088.2;punct;.;;;
6;62;1088.3;punct;'';;;
6;63;1089;case;On;;;
6;63;1090;nmod:poss;her;;1;
6;63;1091.1;nmod:poss;mom;;3;
6;63;1091.2;case;'s;;;
6;63;1092;nmod;chest;;;
6;63;1093;nsubj;Abby;;1;
6;63;1094;advmod;then;;;
6;63;1095;root;put;;;
6;63;1096;nmod:poss;her;;1;
6;63;1097;dobj;head;;;
6;63;1098;cc;and;;;
6;63;1099.1;conj;smiled;;;
6;63;1099.2;punct;.;;;